Countermeasure,Cost
Crosswalk,1000
Crosswalk,1046.149106
Crosswalk,1141.520321
Crosswalk,5000
Crosswalk,5230.745532
Crosswalk,5707.601606
FlashingSignal,16081.95609
FlashingSignal,52307.45532
FlashingSignal,8369.19285
FlashingSignal,12238.59501
PHB,75133.04272
PHB,193199.2527
PHB,10000
PHB,22366.13792
PHB,156922.3659